{
    "name": "root",
    "gauges": {
        "EnemyAI.Policy.Entropy.mean": {
            "value": 2.78650164604187,
            "min": 2.78650164604187,
            "max": 2.78650164604187,
            "count": 1
        },
        "EnemyAI.Policy.Entropy.sum": {
            "value": 14077.40625,
            "min": 14077.40625,
            "max": 14077.40625,
            "count": 1
        },
        "EnemyAI.Step.mean": {
            "value": 4988.0,
            "min": 4988.0,
            "max": 4988.0,
            "count": 1
        },
        "EnemyAI.Step.sum": {
            "value": 4988.0,
            "min": 4988.0,
            "max": 4988.0,
            "count": 1
        },
        "EnemyAI.Policy.ExtrinsicValueEstimate.mean": {
            "value": 0.9267271757125854,
            "min": 0.9267271757125854,
            "max": 0.9267271757125854,
            "count": 1
        },
        "EnemyAI.Policy.ExtrinsicValueEstimate.sum": {
            "value": 76.9183578491211,
            "min": 76.9183578491211,
            "max": 76.9183578491211,
            "count": 1
        },
        "EnemyAI.Policy.GailValueEstimate.mean": {
            "value": 3.726616621017456,
            "min": 3.726616621017456,
            "max": 3.726616621017456,
            "count": 1
        },
        "EnemyAI.Policy.GailValueEstimate.sum": {
            "value": 309.3091735839844,
            "min": 309.3091735839844,
            "max": 309.3091735839844,
            "count": 1
        },
        "EnemyAI.Environment.EpisodeLength.mean": {
            "value": 546.1111111111111,
            "min": 546.1111111111111,
            "max": 546.1111111111111,
            "count": 1
        },
        "EnemyAI.Environment.EpisodeLength.sum": {
            "value": 4915.0,
            "min": 4915.0,
            "max": 4915.0,
            "count": 1
        },
        "EnemyAI.Environment.CumulativeReward.mean": {
            "value": 58.33333545260959,
            "min": 58.33333545260959,
            "max": 58.33333545260959,
            "count": 1
        },
        "EnemyAI.Environment.CumulativeReward.sum": {
            "value": 525.0000190734863,
            "min": 525.0000190734863,
            "max": 525.0000190734863,
            "count": 1
        },
        "EnemyAI.Policy.ExtrinsicReward.mean": {
            "value": 58.33333545260959,
            "min": 58.33333545260959,
            "max": 58.33333545260959,
            "count": 1
        },
        "EnemyAI.Policy.ExtrinsicReward.sum": {
            "value": 525.0000190734863,
            "min": 525.0000190734863,
            "max": 525.0000190734863,
            "count": 1
        },
        "EnemyAI.Policy.GailReward.mean": {
            "value": 607.1942107578119,
            "min": 607.1942107578119,
            "max": 607.1942107578119,
            "count": 1
        },
        "EnemyAI.Policy.GailReward.sum": {
            "value": 5464.747896820307,
            "min": 5464.747896820307,
            "max": 5464.747896820307,
            "count": 1
        },
        "EnemyAI.Losses.PolicyLoss.mean": {
            "value": 0.08211094793902399,
            "min": 0.08211094793902399,
            "max": 0.08211094793902399,
            "count": 1
        },
        "EnemyAI.Losses.PolicyLoss.sum": {
            "value": 0.16422189587804797,
            "min": 0.16422189587804797,
            "max": 0.16422189587804797,
            "count": 1
        },
        "EnemyAI.Losses.ValueLoss.mean": {
            "value": 249.74798760190606,
            "min": 249.74798760190606,
            "max": 249.74798760190606,
            "count": 1
        },
        "EnemyAI.Losses.ValueLoss.sum": {
            "value": 499.4959752038121,
            "min": 499.4959752038121,
            "max": 499.4959752038121,
            "count": 1
        },
        "EnemyAI.Policy.LearningRate.mean": {
            "value": 0.00029688900103699996,
            "min": 0.00029688900103699996,
            "max": 0.00029688900103699996,
            "count": 1
        },
        "EnemyAI.Policy.LearningRate.sum": {
            "value": 0.0005937780020739999,
            "min": 0.0005937780020739999,
            "max": 0.0005937780020739999,
            "count": 1
        },
        "EnemyAI.Policy.Epsilon.mean": {
            "value": 0.198963,
            "min": 0.198963,
            "max": 0.198963,
            "count": 1
        },
        "EnemyAI.Policy.Epsilon.sum": {
            "value": 0.397926,
            "min": 0.397926,
            "max": 0.397926,
            "count": 1
        },
        "EnemyAI.Policy.Beta.mean": {
            "value": 0.0004949187,
            "min": 0.0004949187,
            "max": 0.0004949187,
            "count": 1
        },
        "EnemyAI.Policy.Beta.sum": {
            "value": 0.0009898374,
            "min": 0.0009898374,
            "max": 0.0009898374,
            "count": 1
        },
        "EnemyAI.Policy.GAILPolicyEstimate.mean": {
            "value": 0.21577816611776748,
            "min": 0.21577816611776748,
            "max": 0.21577816611776748,
            "count": 1
        },
        "EnemyAI.Policy.GAILPolicyEstimate.sum": {
            "value": 0.43155633223553497,
            "min": 0.43155633223553497,
            "max": 0.43155633223553497,
            "count": 1
        },
        "EnemyAI.Policy.GAILExpertEstimate.mean": {
            "value": 0.7976722919071715,
            "min": 0.7976722919071715,
            "max": 0.7976722919071715,
            "count": 1
        },
        "EnemyAI.Policy.GAILExpertEstimate.sum": {
            "value": 1.595344583814343,
            "min": 1.595344583814343,
            "max": 1.595344583814343,
            "count": 1
        },
        "EnemyAI.Losses.GAILLoss.mean": {
            "value": 0.6591814652395745,
            "min": 0.6591814652395745,
            "max": 0.6591814652395745,
            "count": 1
        },
        "EnemyAI.Losses.GAILLoss.sum": {
            "value": 1.318362930479149,
            "min": 1.318362930479149,
            "max": 1.318362930479149,
            "count": 1
        },
        "EnemyAI.Policy.GAILGradMagLoss.mean": {
            "value": 8.946324517329533,
            "min": 8.946324517329533,
            "max": 8.946324517329533,
            "count": 1
        },
        "EnemyAI.Policy.GAILGradMagLoss.sum": {
            "value": 17.892649034659065,
            "min": 17.892649034659065,
            "max": 17.892649034659065,
            "count": 1
        },
        "EnemyAI.Losses.PretrainingLoss.mean": {
            "value": 2.0638786753018694,
            "min": 2.0638786753018694,
            "max": 2.0638786753018694,
            "count": 1
        },
        "EnemyAI.Losses.PretrainingLoss.sum": {
            "value": 4.127757350603739,
            "min": 4.127757350603739,
            "max": 4.127757350603739,
            "count": 1
        },
        "EnemyAI.IsTraining.mean": {
            "value": 1.0,
            "min": 1.0,
            "max": 1.0,
            "count": 1
        },
        "EnemyAI.IsTraining.sum": {
            "value": 1.0,
            "min": 1.0,
            "max": 1.0,
            "count": 1
        }
    },
    "metadata": {
        "timer_format_version": "0.1.0",
        "start_time_seconds": "1741623556",
        "python_version": "3.10.11 (tags/v3.10.11:7d4cc5a, Apr  5 2023, 00:38:17) [MSC v.1929 64 bit (AMD64)]",
        "command_line_arguments": "C:\\Users\\orbar\\Desktop\\GamDev\\Final Game Project\\venv\\Scripts\\mlagents-learn config/enemy_config.yaml --run-id=enemy-bc --force",
        "mlagents_version": "1.1.0",
        "mlagents_envs_version": "1.1.0",
        "communication_protocol_version": "1.5.0",
        "pytorch_version": "2.6.0+cu118",
        "numpy_version": "1.23.5",
        "end_time_seconds": "1741623751"
    },
    "total": 194.75169300002744,
    "count": 1,
    "self": 10.006997600023169,